CityName,CityCode,测体温,健康码,健康告知书,健康问询,健康提醒,报告/报备,提前报备时间,进入前核酸检测,进入前核酸检测时间,进入后核酸检测,进入后核酸检测次数,进入后核酸检测时间,血清学检测(血清抗体),居家隔离,居家隔离时间,社区健康监测,社区健康监测时间,集中隔离,集中隔离时间,特殊措施
巴彦淖尔,150800,1,1,0,0,0,1,1,0,0,0,0,0,0,0,0,0,0,0,0,0
林芝,540400,0,0,0,0,0,0,0,0,0,0,0,0,0,0,0,0,0,0,0,0
鸡西,230300,0,0,0,0,0,0,0,0,0,0,0,0,0,0,0,0,0,0,0,0
固原,640400,1,1,0,0,0,0,0,0,0,0,0,0,0,0,0,0,0,0,0,0
西双版纳,532800,0,0,0,0,0,0,0,0,0,0,0,0,0,0,0,0,0,1,0,0
乌海,150300,0,0,0,0,0,0,0,0,0,0,0,0,0,0,0,0,0,0,0,0
锡林郭勒,152500,0,0,0,0,0,0,0,0,0,0,0,0,0,0,0,0,0,0,0,0
阿拉善,152900,0,0,0,0,0,0,0,0,0,0,0,0,0,0,0,0,0,0,0,0
山南,540500,0,0,0,0,0,0,0,0,0,0,0,0,0,0,0,0,0,0,0,0
昌都,540300,0,0,0,0,0,0,0,0,0,0,0,0,0,0,0,0,0,0,0,0
巴音郭楞,652800,0,0,0,0,0,0,0,0,0,0,0,0,0,0,0,0,0,0,0,0
伊犁,654000,0,0,0,0,0,0,0,0,0,0,0,0,0,0,0,0,0,0,0,0
阿克苏,652900,0,0,0,0,0,0,0,0,0,0,0,0,0,0,0,0,0,0,0,0
喀什,653100,0,0,0,0,0,0,0,0,0,0,0,0,0,0,0,0,0,0,0,0
哈密,650500,0,0,0,0,0,0,0,0,0,0,0,0,0,0,0,0,0,0,0,0
克拉玛依,650200,0,0,0,0,0,0,0,0,0,0,0,0,0,0,0,0,0,0,0,0
和田,653200,0,0,0,0,0,0,0,0,0,0,0,0,0,0,0,0,0,0,0,0
石河子,659001,0,0,0,0,0,0,0,0,0,0,0,0,0,0,0,0,0,0,0,0
红河,532500,0,1,0,0,0,0,0,0,0,0,0,0,0,0,0,0,0,0,0,0
三亚,460200,1,1,0,0,0,0,0,0,0,0,0,0,0,0,0,0,0,0,0,0
宁波,330200,0,0,0,0,0,0,0,0,0,0,0,0,0,0,0,0,0,0,0,0
怒江,533300,0,0,0,0,0,0,0,0,0,0,0,0,0,0,0,0,0,0,0,0
四平,220300,0,0,0,0,0,1,1,0,0,0,0,0,0,0,0,0,0,0,0,0
东莞,441900,1,1,0,0,0,0,0,0,0,0,0,0,0,0,0,0,0,0,0,0
舟山,330900,0,0,0,0,0,0,0,0,0,0,0,0,0,0,0,0,0,0,0,0
陇南,621200,0,0,0,0,0,0,0,0,0,0,0,0,0,0,0,0,0,0,0,0
揭阳,445200,1,1,0,0,0,0,0,0,0,0,0,0,0,0,0,0,0,0,0,0
潮州,445100,1,1,0,0,0,0,0,0,0,0,0,0,0,0,0,0,0,0,0,0
常州,320400,0,0,0,0,0,0,0,0,0,0,0,0,0,0,0,0,0,0,0,0
平凉,620800,0,0,0,0,0,0,0,0,0,0,0,0,0,0,0,0,0,0,0,0
金昌,620300,0,0,0,0,0,0,0,0,0,0,0,0,0,0,0,0,0,0,0,0
甘南,623000,0,0,0,0,0,0,0,0,0,0,0,0,0,0,0,0,0,0,0,0
定西,621100,0,0,0,0,0,0,0,0,0,0,0,0,0,0,0,0,0,0,0,0
酒泉,620900,0,0,0,0,0,0,0,0,0,0,0,0,0,0,0,0,0,0,0,0
镇江,321100,0,1,0,0,0,0,0,0,0,0,0,0,0,0,0,0,0,0,0,0
庆阳,621000,1,1,0,0,0,0,0,0,0,0,0,0,0,0,0,0,0,0,0,0
兰州,620100,0,1,0,0,0,0,0,0,0,0,0,0,0,0,0,0,0,0,0,0
武威,620600,0,1,0,0,0,0,0,0,0,0,0,0,0,0,0,0,0,0,0,0
嘉峪关,620200,0,1,0,0,0,0,0,0,0,0,0,0,0,0,0,0,0,0,0,0
洛阳,410300,0,1,0,0,0,0,0,0,0,0,0,0,0,0,0,0,0,0,0,0
黄冈,421100,0,0,0,0,0,0,0,0,0,0,0,0,0,0,0,0,0,0,0,0
荆州,421000,0,0,0,0,0,0,0,0,0,0,0,0,0,0,0,0,0,0,0,0
十堰,420300,0,0,0,0,0,0,0,0,0,0,0,0,0,0,0,0,0,0,0,0
黄石,420200,0,0,0,0,0,0,0,0,0,0,0,0,0,0,0,0,0,0,0,0
恩施,422800,0,0,0,0,0,0,0,0,0,0,0,0,0,0,0,0,0,0,0,0
荆门,420800,0,0,0,0,0,0,0,0,0,0,0,0,0,0,0,0,0,0,0,0
咸宁,421200,0,0,0,0,0,0,0,0,0,0,0,0,0,0,0,0,0,0,0,0
鄂州,420700,0,0,0,0,0,0,0,0,0,0,0,0,0,0,0,0,0,0,0,0
随州,421300,0,0,0,0,0,0,0,0,0,0,0,0,0,0,0,0,0,0,0,0
潜江,429005,0,0,0,0,0,0,0,0,0,0,0,0,0,0,0,0,0,0,0,0
天门,429006,0,0,0,0,0,0,0,0,0,0,0,0,0,0,0,0,0,0,0,0
仙桃,429004,0,0,0,0,0,0,0,0,0,0,0,0,0,0,0,0,0,0,0,0
鹰潭,360600,1,1,0,0,0,0,0,0,0,0,0,0,0,0,0,0,0,0,0,0
南昌,360100,0,1,0,0,0,0,0,0,0,0,0,0,0,0,0,0,0,0,0,0
赣州,360700,0,1,0,0,0,0,0,0,0,0,0,0,0,0,0,0,0,0,0,0
九江,360400,0,1,0,0,0,0,0,0,0,0,0,0,0,0,0,0,0,0,0,0
景德镇,360200,0,1,0,0,0,0,0,0,0,0,0,0,0,0,0,0,0,0,0,0
萍乡,360300,0,1,0,0,0,0,0,0,0,0,0,0,0,0,0,0,0,0,0,0
吉安,360800,0,1,0,0,0,0,0,0,0,0,0,0,0,0,0,0,0,0,0,0
宜春,360900,0,1,0,0,0,0,0,0,0,0,0,0,0,0,0,0,0,0,0,0
抚州,361000,0,1,0,0,0,0,0,0,0,0,0,0,0,0,0,0,0,0,0,0
新余,360500,0,1,0,0,0,0,0,0,0,0,0,0,0,0,0,0,0,0,0,0
衢州,330800,0,0,0,0,0,0,0,0,0,0,0,0,0,0,0,0,0,0,0,0
巴中,511900,0,1,0,0,0,0,0,0,0,0,0,0,0,0,0,0,0,0,0,0
自贡,510300,0,1,0,0,0,0,0,0,0,0,0,0,0,0,0,0,0,0,0,0
内江,511000,0,1,0,0,0,0,0,0,0,0,0,0,0,0,0,0,0,0,0,0
广安,511600,0,1,0,0,0,0,0,0,0,0,0,0,0,0,0,0,0,0,0,0
凉山,513400,0,1,0,0,0,0,0,0,0,0,0,0,0,0,0,0,0,0,0,0
乐山,511100,0,1,0,0,0,0,0,0,0,0,0,0,0,0,0,0,0,0,0,0
德阳,510600,0,1,0,0,0,0,0,0,0,0,0,0,0,0,0,0,0,0,0,0
攀枝花,510400,0,1,0,0,0,0,0,0,0,0,0,0,0,0,0,0,0,0,0,0
眉山,511400,0,1,0,0,0,0,0,0,0,0,0,0,0,0,0,0,0,0,0,0
资阳,512000,0,1,0,0,0,0,0,0,0,0,0,0,0,0,0,0,0,0,0,0
雅安,511800,0,1,0,0,0,0,0,0,0,0,0,0,0,0,0,0,0,0,0,0
阿坝,513200,0,1,0,0,0,0,0,0,0,0,0,0,0,0,0,0,0,0,0,0
宜宾,511500,0,1,0,0,0,0,0,0,0,0,0,0,0,0,0,0,0,0,0,0
广元,510800,0,1,0,0,0,0,0,0,0,0,0,0,0,0,0,0,0,0,0,0
嘉兴,330400,0,0,0,0,0,0,0,0,0,0,0,0,0,0,0,0,0,0,0,0
湖州,330500,0,0,0,0,0,0,0,0,0,0,0,0,0,0,0,0,0,0,0,0
丽水,331100,0,0,0,0,0,0,0,0,0,0,0,0,0,0,0,0,0,0,0,0
上海,NA,0,0,0,0,0,0,0,0,0,0,0,0,0,0,0,0,0,0,0,0
朝阳,211300,0,0,0,0,0,0,0,0,0,0,0,0,0,0,0,0,0,0,0,0
六安,341500,1,1,0,0,0,0,0,0,0,0,0,0,0,0,0,0,0,0,0,0
亳州,341600,0,0,0,0,0,1,3,0,0,0,0,0,0,0,0,0,0,0,0,0
淮北,340600,1,1,0,0,0,0,0,0,0,0,0,0,0,0,0,0,0,0,0,0
南充,511300,1,1,0,0,0,0,0,0,0,0,0,0,0,0,0,0,0,0,0,0
遂宁,510900,1,1,0,0,0,0,0,0,0,0,0,0,0,0,0,1,14,0,0,0
铁岭,211200,0,1,0,0,0,0,0,0,0,0,0,0,0,0,0,0,0,0,0,0
甘孜,513300,0,0,0,0,0,0,0,0,0,0,0,0,0,0,0,0,0,0,0,0
潍坊,370700,1,1,0,0,0,0,0,0,0,0,0,0,0,0,0,0,0,0,0,0
许昌,411000,0,0,0,0,0,0,0,0,0,0,0,0,0,0,0,0,0,0,0,0
广州,440100,1,1,0,0,0,0,0,0,0,0,0,0,0,0,0,0,0,0,0,0
成都,510100,1,1,0,0,0,0,0,0,0,0,0,0,0,0,0,0,0,0,0,0
绵阳,510700,1,1,0,0,0,0,0,0,0,0,0,0,0,0,0,0,0,0,0,0
泸州,510500,1,1,0,0,0,0,0,0,0,0,0,0,0,0,0,0,0,0,0,0
达州,511700,1,1,0,0,0,0,0,0,0,0,0,0,0,0,0,0,0,0,0,0
银川,640100,0,1,0,0,0,0,0,0,0,0,0,0,0,0,0,0,0,0,0,0
清远,441800,1,1,0,0,0,0,0,0,0,0,0,0,0,0,0,0,0,0,0,0
梅州,441400,1,1,0,0,0,0,0,0,0,0,0,0,0,0,0,0,0,0,0,0
阳江,441700,1,1,0,0,0,0,0,0,0,0,0,0,0,0,0,0,0,0,0,0
湛江,440800,1,1,0,0,0,0,0,0,0,0,0,0,0,0,0,0,0,0,0,0
汕尾,441500,1,1,0,0,0,0,0,0,0,0,0,0,0,0,0,0,0,0,0,0
江门,440700,1,1,0,0,0,0,0,0,0,0,0,0,0,0,0,0,0,0,0,0
沈阳,210100,0,1,0,0,0,0,0,0,0,0,0,0,0,0,0,0,0,0,0,0
抚顺,210400,0,0,0,0,0,0,0,0,0,0,0,0,0,0,0,0,0,0,0,0
杭州,330100,0,0,0,0,0,0,0,0,0,0,0,0,0,0,0,0,0,0,0,0
台州,331000,0,0,0,0,0,0,0,0,0,0,0,0,0,0,0,0,0,0,0,0
哈尔滨,230100,0,1,0,0,0,0,0,0,0,0,0,0,0,0,0,0,0,0,0,0
赤峰,150400,0,0,0,0,0,0,0,0,0,0,0,0,0,0,0,0,0,0,0,0
楚雄,532300,1,1,0,0,0,0,0,0,0,0,0,0,0,0,0,0,0,0,0,0
鄂尔多斯,150600,1,1,0,0,0,0,0,0,0,0,0,0,0,0,0,0,0,0,0,0
伊春,230700,1,1,0,0,0,0,0,0,0,0,0,0,0,0,0,0,0,0,0,0
长春,220100,0,1,0,0,0,1,1,0,0,0,0,0,0,0,0,1,1,0,0,0
云浮,445300,1,0,0,0,0,1,3,0,0,0,0,0,0,0,0,0,0,0,0,0
东营,370500,1,1,0,0,0,1,3,0,0,0,0,0,0,0,0,0,0,0,0,0
神农架,429021,0,1,0,0,0,0,0,0,0,0,0,0,0,0,0,0,0,0,0,0
武汉,420100,0,1,0,0,0,0,0,0,0,0,0,0,0,0,0,0,0,0,0,0
海西,632800,1,1,0,0,0,0,0,0,0,0,0,0,0,0,0,0,0,0,0,0
周口,411600,0,0,0,0,0,1,1,0,0,0,0,0,0,0,0,1,1,0,0,0
丽江,530700,1,1,0,0,0,0,0,0,0,0,0,0,0,0,0,0,0,0,0,0
德宏,533100,0,1,0,0,0,0,0,0,0,0,0,0,0,0,0,0,0,0,0,0
文山,532600,0,1,0,0,0,0,0,0,0,0,0,0,0,0,0,0,0,0,0,0
焦作,410800,1,1,0,0,0,1,1,0,0,0,0,0,0,0,0,0,0,0,0,0
安康,610900,0,0,0,0,0,0,0,0,0,0,0,0,0,0,0,0,0,0,0,0
温州,330300,0,0,0,0,0,0,0,0,0,0,0,0,0,0,0,0,0,0,0,0
中山,442000,0,0,0,0,0,0,0,0,0,0,0,0,0,0,0,0,0,0,0,0
韶关,440200,1,1,0,0,0,0,0,0,0,0,0,0,0,0,0,0,0,0,0,0
承德,130800,0,0,0,0,0,0,0,0,0,0,0,0,0,0,0,0,0,0,0,0
无锡,320200,1,1,0,0,0,0,0,0,0,0,0,0,0,0,0,0,0,0,0,0
信阳,411500,0,0,0,0,0,0,0,0,0,0,0,0,0,0,0,0,0,0,0,0
保山,530500,0,0,0,0,0,0,0,0,0,0,0,0,0,0,0,0,0,0,0,0
呼伦贝尔,150700,1,1,0,0,0,0,0,0,0,0,0,0,0,0,0,0,0,0,0,0
肇庆,441200,1,1,0,0,0,0,0,0,0,0,0,0,0,0,0,0,0,0,0,0
滨州,371600,1,1,0,0,0,0,0,0,0,0,0,0,0,0,0,0,0,0,0,0
南京,320100,0,0,0,0,0,0,0,0,0,0,0,0,0,0,0,1,1,0,0,0
南通,320600,0,1,0,0,0,0,0,0,0,0,0,0,0,0,0,0,0,0,0,0
宜昌,420500,0,1,0,0,0,0,0,0,0,0,0,0,0,0,0,0,0,0,0,0
海口,441000,1,1,0,0,0,0,0,0,0,0,0,0,0,0,0,0,0,0,0,0
日照,371100,1,1,0,0,0,0,0,0,0,0,0,0,0,0,0,0,0,0,0,0
郑州,410100,0,0,0,0,0,0,0,0,0,0,0,0,0,0,0,0,0,0,0,0
茂名,440900,0,0,0,0,0,0,0,0,0,0,0,0,0,0,0,0,0,0,0,0
贵阳,520100,1,1,0,0,0,0,0,0,0,0,0,0,0,0,0,0,0,0,0,0
遵义,520300,1,1,0,0,0,0,0,0,0,0,0,0,0,0,0,0,0,0,0,0
黔东南,522600,1,1,0,0,0,0,0,0,0,0,0,0,0,0,0,0,0,0,0,0
黔南,522700,1,1,0,0,0,0,0,0,0,0,0,0,0,0,0,0,0,0,0,0
六盘水,520200,1,1,0,0,0,0,0,0,0,0,0,0,0,0,0,0,0,0,0,0
毕节,520500,1,1,0,0,0,0,0,0,0,0,0,0,0,0,0,0,0,0,0,0
铜仁,520600,1,1,0,0,0,0,0,0,0,0,0,0,0,0,0,0,0,0,0,0
黔西南,522300,1,1,0,0,0,0,0,0,0,0,0,0,0,0,0,0,0,0,0,0
乌兰察布,150900,1,1,0,0,0,0,0,0,0,0,0,0,0,0,0,0,0,0,0,0
泰州,321200,0,1,0,0,0,0,0,0,0,0,0,0,0,0,0,1,1,0,0,0
厦门,350200,1,1,0,0,0,0,0,0,0,0,0,0,0,0,0,0,0,0,0,0
济宁,370800,1,1,0,0,0,0,0,0,0,0,0,0,0,0,0,0,0,0,0,0
盐城,320900,1,0,0,0,0,0,0,0,0,0,0,0,0,0,0,0,0,0,0,0
铜川,610200,0,0,0,0,0,0,0,0,0,0,0,0,0,0,0,0,0,0,0,0
安阳,410500,1,0,0,0,0,1,3,0,0,0,0,0,0,0,0,0,0,0,0,0
深圳,440300,0,1,0,0,0,0,0,0,0,0,0,0,0,0,0,0,0,0,0,0
包头,150200,1,1,0,0,0,0,0,0,0,0,0,0,0,0,0,0,0,0,0,0
通辽,150500,1,1,0,0,0,0,0,0,0,0,0,0,0,0,0,0,0,0,0,0
呼和浩特,150100,1,1,0,0,0,0,0,0,0,0,0,0,0,0,0,0,0,0,0,0
芜湖,340200,0,0,0,0,0,0,0,0,0,0,0,0,0,0,0,0,0,0,0,0
鹤壁,410600,0,0,0,0,0,1,1,0,0,0,0,0,0,0,0,0,0,0,0,0
汕头,440500,1,1,0,0,0,0,0,0,0,0,0,0,0,0,0,0,0,0,0,0
南宁,450100,0,0,0,0,0,0,0,0,0,0,0,0,0,0,0,0,0,0,0,0
贺州,451100,0,1,0,0,0,0,0,0,0,0,0,0,0,0,0,1,1,0,0,0
防城港,450600,1,1,0,0,0,0,0,0,0,0,0,0,0,0,0,0,0,0,0,0
玉林,450900,0,1,0,0,0,0,0,0,0,0,0,0,0,0,0,1,1,0,0,0
来宾,451300,1,1,0,0,0,0,0,0,0,0,0,0,0,0,0,0,0,0,0,0
河池,451200,0,0,0,0,0,0,0,0,0,0,0,0,0,0,0,0,0,0,0,0
桂林,450300,0,1,0,0,0,0,0,0,0,0,0,0,0,0,0,0,0,0,0,0
梧州,450400,1,1,0,0,0,0,0,0,0,0,0,0,0,0,0,0,0,0,0,0
钦州,450700,1,1,0,0,0,0,0,0,0,0,0,0,0,0,0,0,0,0,0,0
北海,450500,1,1,0,0,0,0,0,0,0,0,0,0,0,0,0,0,0,0,0,0
柳州,450200,1,1,0,0,0,1,1,0,0,0,0,0,0,0,0,1,1,0,0,0
大兴安岭,232700,0,0,0,0,0,0,0,0,0,0,0,0,0,0,0,0,0,0,0,0
莆田,350300,0,0,0,0,0,0,0,0,0,0,0,0,0,0,0,0,0,0,0,0
五指山,460001,1,1,0,0,0,0,0,0,0,0,0,0,0,0,0,0,0,0,0,0
龙岩,350800,1,1,0,0,0,1,1,0,0,0,0,0,0,0,0,0,0,0,0,0
张家口,130700,0,0,0,0,0,0,0,0,0,0,0,0,0,0,0,0,0,0,0,0
襄阳,420600,1,1,0,0,0,0,0,0,0,0,0,0,0,0,0,0,0,0,0,0
果洛,632600,0,0,0,0,0,0,0,0,0,0,0,0,0,0,0,0,0,0,0,0
海东,630200,0,0,0,0,0,0,0,0,0,0,0,0,0,0,0,0,0,0,0,0
吐鲁番,650400,0,0,0,0,0,0,0,0,0,0,0,0,0,0,0,0,0,0,0,0
迪庆,533400,0,1,0,0,0,0,0,0,0,0,0,0,0,0,0,0,0,0,0,0
徐州,320300,0,0,0,0,0,0,0,0,0,0,0,0,0,0,0,0,0,0,0,0
益阳,430900,0,1,0,0,0,0,0,0,0,0,0,0,0,0,0,0,0,0,0,0
张家界,430800,0,0,0,0,0,0,0,0,0,0,0,0,0,0,0,0,0,0,0,0
常德,430700,1,1,0,0,0,0,0,0,0,0,0,0,0,0,0,0,0,0,0,0
唐山,130200,0,0,0,0,0,0,0,0,0,0,0,0,0,0,0,0,0,0,0,0
临沂,371300,0,1,0,0,0,0,0,0,0,0,0,0,0,0,0,0,0,0,0,0
怀化,431200,0,1,0,1,0,1,1,0,0,0,0,0,0,0,0,0,0,0,0,0
湘潭,430300,0,1,0,0,0,0,0,0,0,0,0,0,0,0,0,0,0,0,0,0
天水,620500,0,1,0,0,0,0,0,0,0,0,0,0,0,0,0,0,0,0,0,0
开封,410200,0,0,0,0,0,0,0,0,0,0,0,0,0,0,0,0,0,0,0,0
双鸭山,230500,0,0,0,0,0,0,0,0,0,0,0,0,0,0,0,0,0,0,0,0
辽源,220400,0,0,0,0,0,1,1,0,0,0,0,0,0,0,0,0,0,0,0,0
昌吉,652300,0,1,0,0,0,0,0,0,0,0,0,0,0,0,0,0,0,0,0,0
牡丹江,231000,0,0,0,0,0,0,0,0,0,0,0,0,0,0,0,1,14,0,0,0
昭通,530600,0,0,0,0,0,1,1,0,0,0,0,0,0,0,0,0,0,0,0,0
枣庄,370400,1,1,0,0,0,0,0,0,0,0,0,0,0,0,0,0,0,0,0,0
吴忠,640300,0,0,0,0,0,1,1,0,0,0,0,0,0,0,0,0,0,0,0,0
大理,532900,0,1,0,1,0,1,3,0,0,0,0,0,0,0,0,0,0,0,0,0
太原,140100,1,1,0,0,0,0,0,0,0,0,0,0,0,0,0,0,0,0,0,0
临汾,141000,1,1,0,0,0,0,0,0,0,0,0,0,0,0,0,0,0,0,0,0
大同,140200,1,1,0,0,0,0,0,0,0,0,0,0,0,0,0,0,0,0,0,0
晋中,140700,1,1,0,0,0,0,0,0,0,0,0,0,0,0,0,0,0,0,0,0
长治,140400,1,1,0,0,0,0,0,0,0,0,0,0,0,0,0,0,0,0,0,0
晋城,140500,1,1,0,0,0,0,0,0,0,0,0,0,0,0,0,0,0,0,0,0
阳泉,140300,1,1,0,0,0,0,0,0,0,0,0,0,0,0,0,0,0,0,0,0
忻州,140900,1,1,0,0,0,0,0,0,0,0,0,0,0,0,0,0,0,0,0,0
朔州,140600,1,1,0,0,0,0,0,0,0,0,0,0,0,0,0,0,0,0,0,0
吕梁,141100,1,1,0,0,0,0,0,0,0,0,0,0,0,0,0,0,0,0,0,0
烟台,370600,1,1,0,0,0,0,0,0,0,0,0,0,0,0,0,0,0,0,0,0
百色,451000,1,1,0,0,0,0,0,0,0,0,0,0,0,0,0,0,0,0,0,0
大连,210200,0,0,0,0,0,1,3,0,0,0,0,0,0,0,0,0,0,0,0,0
博尔塔拉,652700,0,0,0,0,0,0,0,0,0,0,0,0,0,0,0,0,0,0,0,0
湘西,433100,1,1,0,0,0,0,0,0,0,0,0,0,0,0,0,0,0,0,0,0
永州,431100,1,1,0,0,0,0,0,0,0,0,0,0,0,0,0,0,0,0,0,0
中卫,640500,0,0,0,0,0,0,0,0,0,0,0,0,0,0,0,0,0,0,0,0
延安,610600,0,0,0,0,0,0,0,0,0,0,0,0,0,0,0,0,0,0,0,0
河源,441600,1,1,0,0,0,0,0,0,0,0,0,0,0,0,0,0,0,0,0,0
兴安,152200,0,0,0,0,0,0,0,0,0,0,0,0,0,1,7,0,0,0,0,0
通化,220500,0,0,0,0,0,1,1,0,0,0,0,0,0,1,14,0,0,0,0,0
苏州,320500,0,1,0,0,0,0,0,0,0,0,0,0,0,0,0,1,0,0,0,0
西安,610100,0,0,0,0,0,0,0,0,0,1,1,0,0,0,0,1,14,0,0,0
泰安,370900,0,0,0,0,0,0,0,0,0,1,1,1,0,0,0,0,0,0,0,0
宝鸡,610300,0,0,0,0,0,0,0,0,0,1,1,1,0,0,0,1,1,0,0,0
长沙,430100,1,1,0,0,0,0,0,0,0,1,1,1,0,0,0,0,0,0,0,0
马鞍山,340500,0,1,0,0,0,1,7,0,0,1,1,1,0,1,1,0,0,0,0,1
驻马店,411700,0,0,0,1,0,1,1,0,0,1,1,6,0,1,7,0,0,0,0,0
鹤岗,230400,0,0,0,0,0,0,0,0,0,1,1,7,0,1,7,0,0,0,0,0
榆林,610800,0,0,0,0,0,0,0,0,0,1,2,7,0,1,14,1,14,0,0,0
平顶山,410400,0,0,0,0,0,0,0,0,0,1,2,7/14,0,1,14,0,0,0,0,0
大庆,230600,1,1,0,0,0,0,0,1,1,0,0,0,0,0,0,0,0,0,0,0
宿迁,321300,0,0,0,0,0,0,0,1,1,0,0,0,0,0,0,0,0,0,0,0
日喀则,540200,0,1,0,0,0,1,1,1,3,0,0,0,0,0,0,0,0,0,0,0
黄山,341000,0,0,0,0,0,0,0,1,3,0,0,0,0,0,0,0,0,0,0,0
合肥,340100,0,0,0,0,0,0,0,1,3,0,0,0,0,0,0,0,0,0,0,0
阜阳,342100,0,0,0,0,0,0,0,1,3,0,0,0,0,0,0,0,0,0,0,0
蚌埠,340300,0,0,0,0,0,0,0,1,3,0,0,0,0,0,0,0,0,0,0,1
巢湖,340181,0,0,0,0,0,0,0,1,3,0,0,0,0,0,0,0,0,0,0,0
淮南,340400,0,0,0,0,0,0,0,1,3,0,0,0,0,0,0,0,0,0,0,0
滁州,341100,0,0,0,0,0,0,0,1,3,0,0,0,0,0,0,0,0,0,0,0
宿州,341300,0,0,0,0,0,0,0,1,3,0,0,0,0,0,0,0,0,0,0,0
池州,341700,0,0,0,0,0,0,0,1,3,0,0,0,0,0,0,0,0,0,0,0
安庆,340800,0,0,0,0,0,0,0,1,3,0,0,0,0,0,0,0,0,0,0,1
鞍山,210300,0,0,0,0,0,1,1,1,3,0,0,0,0,0,0,0,0,0,0,0
丹东,210600,0,0,0,0,0,0,0,1,3,0,0,0,0,0,0,0,0,0,0,0
邯郸,130400,0,1,0,0,0,0,0,1,3,0,0,0,0,0,0,0,0,0,0,0
白城,220800,0,1,0,0,0,0,0,1,3,0,0,0,0,0,0,0,0,0,0,0
松原,220700,0,1,1,0,0,0,0,1,3,0,0,0,0,0,0,0,0,0,0,0
佳木斯,230800,0,0,0,0,0,1,1,1,3,0,0,0,0,0,0,0,0,0,0,0
咸阳,610400,0,0,0,0,0,1,1,1,3,0,0,0,0,0,0,1,14,0,0,0
商洛,611000,0,0,0,0,0,1,1,1,3,0,0,0,0,0,0,0,0,0,0,0
白山,220600,1,1,0,1,0,1,1,1,3,0,0,0,0,0,0,0,0,0,0,0
衡水,131100,1,1,0,0,0,0,0,1,3,0,0,0,0,0,0,0,0,0,0,0
绥化,231200,1,1,0,0,0,0,0,1,3,0,0,0,0,0,0,0,0,0,0,0
张掖,620700,0,1,0,0,0,0,0,1,3,0,0,0,0,1,14,0,0,0,0,0
本溪,210500,0,0,0,0,0,0,0,1,3,0,0,0,0,1,14,0,0,0,0,0
渭南,610500,0,0,0,0,0,0,0,1,3,0,0,0,0,1,14,1,14,0,0,0
拉萨,540100,0,0,0,0,0,1,1,1,7,0,0,0,0,0,0,0,0,0,0,1
白银,620400,1,1,0,0,0,0,0,1,7,0,0,0,0,0,0,0,0,0,0,0
铜陵,340700,0,0,0,0,0,0,0,1,7,0,0,0,0,0,0,0,0,0,0,1
锦州,210700,0,1,0,0,0,0,0,1,7,0,0,0,0,0,0,0,0,0,0,0
营口,210800,0,0,0,0,0,0,0,1,7,0,0,0,0,0,0,0,0,0,0,1
上饶,361100,1,1,0,0,0,1,1,1,7,0,0,0,0,0,0,0,0,0,0,0
宣城,341800,0,0,0,0,0,1,1,1,7,0,0,0,0,0,0,1,14,0,0,0
盘锦,211100,0,0,0,0,0,0,0,1,7,0,0,0,0,0,0,1,14,0,0,0
玉树,632700,0,0,0,0,0,0,0,1,7,0,0,0,0,0,0,0,0,0,0,1
海北,632200,0,0,0,0,0,0,0,1,7,0,0,0,0,0,0,0,0,0,0,1
普洱,530800,0,0,0,0,0,1,1,1,7,0,0,0,0,0,0,0,0,0,0,1
威海,371000,1,1,0,0,0,0,0,1,7,0,0,0,0,0,0,0,0,0,0,1
曲靖,530300,0,0,0,0,0,0,0,1,7,0,0,0,0,0,0,0,0,0,0,1
商丘,411400,0,1,0,0,0,0,0,1,7,0,0,0,0,0,0,1,14,0,0,0
绍兴,330600,0,1,0,0,0,0,0,1,7,0,0,0,0,0,0,0,0,0,0,0
德州,371400,0,0,0,0,0,1,7,1,7,0,0,0,0,0,0,1,14,0,0,0
惠州,441300,1,1,0,0,0,0,0,1,7,0,0,0,0,0,0,0,0,0,0,0
聊城,371500,1,1,0,0,0,0,0,1,7,0,0,0,0,0,0,0,0,0,0,0
岳阳,430600,1,1,0,0,0,1,1,1,7,0,0,0,0,0,0,0,0,0,0,0
天津,NA,1,1,0,0,0,0,0,1,7,0,0,0,0,0,0,0,0,0,0,0
菏泽,371700,0,1,0,0,0,0,0,1,7,0,0,0,0,0,0,0,0,0,0,0
临沧,530900,0,1,0,0,0,0,0,1,7,0,0,0,0,0,0,0,0,0,0,0
三门峡,411200,0,1,0,0,0,1,1,1,7,0,0,0,0,0,0,0,0,0,0,0
西宁,630100,0,0,0,0,0,1,7,1,7,0,0,0,0,0,0,1,1,0,0,0
济南,370100,0,0,0,0,0,1,1,1,7,0,0,0,0,0,0,0,0,0,0,0
淄博,370300,0,1,0,0,0,1,3,1,7,0,0,0,0,0,0,0,0,0,0,0
泉州,350500,0,0,0,0,0,0,0,1,7,0,0,0,0,0,0,0,0,0,0,0
黑河,231100,0,0,0,0,0,0,0,1,7,0,0,0,0,0,0,0,0,0,0,0
重庆,500000,0,0,0,0,0,0,0,1,7,0,0,0,0,0,0,0,0,0,0,0
海南,442100,0,0,0,0,0,0,0,1,7,0,0,0,0,0,0,0,0,0,0,0
株洲,430200,0,0,0,0,0,0,0,1,7,0,0,0,0,0,0,1,14,0,0,0
福州,350100,0,0,0,0,0,0,0,1,7,0,0,0,0,0,0,0,0,0,0,0
保定,130600,0,1,0,0,0,0,0,1,7,0,0,0,0,0,0,0,0,0,0,0
乌鲁木齐,650100,0,1,0,0,0,1,1,1,7,0,0,0,0,0,0,0,0,0,0,0
漳州,350600,1,1,0,0,0,1,1,1,7,0,0,0,0,1,1,0,0,0,0,0
辽阳,211000,0,0,0,0,0,1,1,1,7,0,0,0,0,1,14,0,0,0,0,0
七台河,230900,0,0,0,0,0,1,3,1,7,0,0,0,0,1,14,0,0,0,0,0
娄底,431300,0,0,0,0,0,1,2,1,7,0,0,0,0,1,14,0,0,0,0,0
宁德,350900,0,0,0,0,0,0,0,1,7,0,0,0,0,1,14,0,0,0,0,0
吉林,220200,1,1,0,0,0,0,0,1,3,1,1,0,0,0,0,0,0,0,0,0
延边,222400,1,0,0,0,0,0,0,1,3,1,1,1,0,0,0,0,0,0,0,0
汉中,610700,0,0,0,0,0,0,0,1,3,1,1,1,0,0,0,1,14,0,0,0
秦皇岛,130300,0,0,0,0,0,0,0,1,3,1,1,1,0,0,0,0,0,0,0,0
齐齐哈尔,230200,0,0,0,0,0,1,1,1,3,1,1,1,0,1,7,0,0,0,0,0
石家庄,130100,0,0,0,1,0,1,1,1,3,1,1,1,0,1,14,0,0,0,0,0
昆明,530100,0,0,0,0,0,0,0,1,7,1,1,1,0,0,0,0,0,0,0,0
漯河,411100,0,1,0,0,0,1,0,1,7,1,1,1,0,0,0,0,0,0,0,0
三明,350400,0,0,0,0,0,0,0,1,7,1,1,1,0,0,0,0,0,0,0,0
南平,350700,0,0,0,0,0,0,0,1,7,1,1,1,0,0,0,0,0,0,0,0
崇左,451400,0,0,0,0,0,0,0,1,7,1,1,1,0,1,1,0,0,0,0,0
葫芦岛,211400,0,0,0,0,0,0,0,1,7,1,1,1,0,1,14,0,0,0,0,0
廊坊,131000,1,1,0,1,0,0,0,1,3,1,2,1,0,1,7,0,0,0,0,0
玉溪,530400,0,0,0,0,0,0,0,1,7,1,1,7,0,0,0,1,14,0,0,0
青岛,370200,0,0,0,0,0,0,0,1,7,1,3,1/7/14,0,0,0,0,0,0,0,1
黄南,632300,0,0,0,0,0,0,0,1,1,1,2,7/14,0,1,14,0,0,0,0,0
邢台,130500,0,0,0,0,0,1,3,1,3,1,2,7/14,0,1,14,0,0,0,0,0
扬州,321000,1,1,0,0,0,1,1,1,7,1,2,7/14,0,0,0,1,1,0,0,1
北京,NA,0,0,0,0,0,0,0,1,7,1,2,7/14,0,0,0,1,14,0,0,0
金华,330700,0,0,0,0,0,1,0.5,1,7,1,2,7/14,0,0,0,1,14,0,0,0
衡阳,430400,0,0,0,0,0,1,2,1,7,1,2,7/14,0,1,14,0,0,0,0,0
阜新,210900,0,0,0,0,0,0,0,1,7,1,2,7/14,0,1,14,0,0,0,0,0
新乡,410700,0,0,0,0,0,1,1,1,7,1,2,7/14,0,1,14,0,0,0,0,0
沧州,130900,1,1,0,0,0,1,1,1,7,1,2,7/14,0,1,14,0,0,1,14,0
贵港,450800,0,0,0,0,0,1,1,1,7,1,2,7/14,0,1,14,0,0,0,0,0
连云港,320700,1,0,0,0,0,0,0,1,7,1,2,7/14,0,1,14,0,0,0,0,0
南阳,411300,1,1,0,0,0,1,3,1,7,1,2,7/14,0,1,14,0,0,0,0,0
庄河,210200,0,0,0,0,0,1,1,1,7,1,2,7/14,0,1,14,0,0,0,0,0
邵阳,430500,0,0,0,1,0,0,0,1,7,1,2,7/14,0,1,14,0,0,0,0,0
运城,140800,0,0,0,0,0,1,1,1,7,1,2,7/14,0,1,14,0,0,0,0,0
郴州,431000,0,1,0,0,0,0,0,1,7,1,2,7/14,0,1,14,0,0,0,0,0
濮阳,410900,0,0,0,0,0,0,0,1,7,1,2,7/14,0,1,14,0,0,0,0,0
佛山,440600,0,0,0,0,0,0,0,1,7,2,2,7/14,0,1,14,0,0,0,0,0
孝感,420900,0,0,0,0,0,1,1,1,7,1,5,14/28,1,1,14,1,1,0,0,1
珠海,440400,0,0,0,0,0,0,0,0,0,0,0,0,0,0,0,1,14,0,0,0